CVE-2025-0168	2025-01-01	Job Recruitment	Es wurde eine Schwachstelle in code-projects Job Recruitment 1.0 entdeckt. Sie wurde als kritisch eingestuft. Es geht dabei um eine nicht klar definierte Funktion der Datei /_parse/_feedback_system.php. Dank Manipulation des Arguments person mit unbekannten Daten kann eine sql injection-Schwachstelle ausgenutzt werden. Der Angriff kann über das Netzwerk passieren. Der Exploit steht zur öffentlichen Verfügung.
CVE-2025-0171	2025-01-02	Chat System	Es wurde eine Schwachstelle in code-projects Chat System 1.0 gefunden. Sie wurde als kritisch eingestuft. Dabei betrifft es einen unbekannter Codeteil der Datei /admin/deleteuser.php. Dank der Manipulation des Arguments id mit unbekannten Daten kann eine sql injection-Schwachstelle ausgenutzt werden. Die Umsetzung des Angriffs kann dabei über das Netzwerk erfolgen. Der Exploit steht zur öffentlichen Verfügung.
CVE-2025-0172	2025-01-02	Chat System	In code-projects Chat System 1.0 wurde eine Schwachstelle gefunden. Sie wurde als kritisch eingestuft. Hierbei betrifft es unbekannten Programmcode der Datei /admin/deleteroom.php. Dank Manipulation des Arguments id mit unbekannten Daten kann eine sql injection-Schwachstelle ausgenutzt werden. Umgesetzt werden kann der Angriff über das Netzwerk. Der Exploit steht zur öffentlichen Verfügung.
CVE-2025-0173	2025-01-02	Online Eyewear Shop	Eine Schwachstelle wurde in SourceCodester Online Eyewear Shop 1.0 gefunden. Sie wurde als kritisch eingestuft. Davon betroffen ist unbekannter Code der Datei /orders/view_order.php. Mit der Manipulation des Arguments id mit unbekannten Daten kann eine sql injection-Schwachstelle ausgenutzt werden. Der Angriff kann über das Netzwerk erfolgen. Der Exploit steht zur öffentlichen Verfügung.
CVE-2025-0174	2025-01-03	Point of Sales and Inventory Management System	Es wurde eine Schwachstelle in code-projects Point of Sales and Inventory Management System 1.0 ausgemacht. Sie wurde als kritisch eingestuft. Dabei betrifft es einen unbekannter Codeteil der Datei /user/search_result2.php der Komponente Parameter Handler. Dank der Manipulation des Arguments search mit unbekannten Daten kann eine sql injection-Schwachstelle ausgenutzt werden. Die Umsetzung des Angriffs kann dabei über das Netzwerk erfolgen. Der Exploit steht zur öffentlichen Verfügung.
CVE-2025-0175	2025-01-03	Online Shop	In code-projects Online Shop 1.0 wurde eine Schwachstelle ausgemacht. Sie wurde als problematisch eingestuft. Hierbei betrifft es unbekannten Programmcode der Datei /view.php. Dank Manipulation des Arguments name/details mit unbekannten Daten kann eine cross site scripting-Schwachstelle ausgenutzt werden. Umgesetzt werden kann der Angriff über das Netzwerk. Der Exploit steht zur öffentlichen Verfügung.
CVE-2025-0176	2025-01-03	Point of Sales and Inventory Management System	Eine Schwachstelle wurde in code-projects Point of Sales and Inventory Management System 1.0 ausgemacht. Sie wurde als kritisch eingestuft. Davon betroffen ist unbekannter Code der Datei /user/add_cart.php. Mit der Manipulation des Arguments id/qty mit unbekannten Daten kann eine sql injection-Schwachstelle ausgenutzt werden. Der Angriff kann über das Netzwerk erfolgen. Der Exploit steht zur öffentlichen Verfügung.
CVE-2025-0195	2025-01-03	Point of Sales and Inventory Management System	Eine kritische Schwachstelle wurde in code-projects Point of Sales and Inventory Management System 1.0 ausgemacht. Dies betrifft einen unbekannten Teil der Datei /user/del_product.php. Durch das Manipulieren des Arguments id mit unbekannten Daten kann eine sql injection-Schwachstelle ausgenutzt werden. Der Angriff kann über das Netzwerk passieren. Der Exploit steht zur öffentlichen Verfügung.
CVE-2025-0196	2025-01-03	Point of Sales and Inventory Management System	Es wurde eine Schwachstelle in code-projects Point of Sales and Inventory Management System 1.0 entdeckt. Sie wurde als kritisch eingestuft. Dabei betrifft es einen unbekannter Codeteil der Datei /user/plist.php. Durch Manipulieren des Arguments cat mit unbekannten Daten kann eine sql injection-Schwachstelle ausgenutzt werden. Die Umsetzung des Angriffs kann dabei über das Netzwerk erfolgen. Der Exploit steht zur öffentlichen Verfügung.
CVE-2025-0197	2025-01-03	Point of Sales and Inventory Management System	In code-projects Point of Sales and Inventory Management System 1.0 wurde eine Schwachstelle entdeckt. Sie wurde als kritisch eingestuft. Hierbei betrifft es unbekannten Programmcode der Datei /user/search.php. Durch das Beeinflussen des Arguments name mit unbekannten Daten kann eine sql injection-Schwachstelle ausgenutzt werden. Umgesetzt werden kann der Angriff über das Netzwerk. Der Exploit steht zur öffentlichen Verfügung.
CVE-2025-0198	2025-01-03	Point of Sales and Inventory Management System	Eine Schwachstelle wurde in code-projects Point of Sales and Inventory Management System 1.0 entdeckt. Sie wurde als kritisch eingestuft. Davon betroffen ist unbekannter Code der Datei /user/search_result.php. Durch Beeinflussen des Arguments id mit unbekannten Daten kann eine sql injection-Schwachstelle ausgenutzt werden. Der Angriff kann über das Netzwerk erfolgen. Der Exploit steht zur öffentlichen Verfügung.
CVE-2025-0199	2025-01-03	Point of Sales and Inventory Management System	Es wurde eine Schwachstelle in code-projects Point of Sales and Inventory Management System 1.0 gefunden. Sie wurde als kritisch eingestuft. Hiervon betroffen ist ein unbekannter Codeblock der Datei /user/minus_cart.php. Dank der Manipulation des Arguments id mit unbekannten Daten kann eine sql injection-Schwachstelle ausgenutzt werden. Der Angriff kann über das Netzwerk angegangen werden. Der Exploit steht zur öffentlichen Verfügung.
CVE-2025-0200	2025-01-04	Point of Sales and Inventory Management System	In code-projects Point of Sales and Inventory Management System 1.0 wurde eine Schwachstelle gefunden. Sie wurde als kritisch eingestuft. Betroffen ist eine unbekannte Verarbeitung der Datei /user/search_num.php. Dank Manipulation des Arguments search mit unbekannten Daten kann eine sql injection-Schwachstelle ausgenutzt werden. Der Angriff kann über das Netzwerk passieren. Der Exploit steht zur öffentlichen Verfügung.
CVE-2025-0201	2025-01-04	Point of Sales and Inventory Management System	Eine Schwachstelle wurde in code-projects Point of Sales and Inventory Management System 1.0 gefunden. Sie wurde als kritisch eingestuft. Betroffen davon ist ein unbekannter Prozess der Datei /user/update_account.php. Mit der Manipulation des Arguments username mit unbekannten Daten kann eine sql injection-Schwachstelle ausgenutzt werden. Die Umsetzung des Angriffs kann dabei über das Netzwerk erfolgen. Der Exploit steht zur öffentlichen Verfügung.
CVE-2025-0202	2025-01-04	BaNCS	Es wurde eine Schwachstelle in TCS BaNCS 10 ausgemacht. Sie wurde als problematisch eingestuft. Betroffen hiervon ist ein unbekannter Ablauf der Datei /REPORTS/REPORTS_SHOW_FILE.jsp. Durch die Manipulation des Arguments FilePath mit unbekannten Daten kann eine file inclusion-Schwachstelle ausgenutzt werden.
CVE-2025-0203	2025-01-04	Student Management System	In code-projects Student Management System 1.0 wurde eine Schwachstelle ausgemacht. Sie wurde als kritisch eingestuft. Es geht um die Funktion showSubject1 der Datei /config/DbFunction.php. Durch Manipulation des Arguments sid mit unbekannten Daten kann eine sql injection-Schwachstelle ausgenutzt werden. Der Angriff kann über das Netzwerk erfolgen. Der Exploit steht zur öffentlichen Verfügung.
CVE-2025-0204	2025-01-04	Online Shoe Store	Eine Schwachstelle wurde in code-projects Online Shoe Store 1.0 ausgemacht. Sie wurde als kritisch eingestuft. Es geht hierbei um eine nicht näher spezifizierte Funktion der Datei /details.php. Mittels dem Manipulieren des Arguments id mit unbekannten Daten kann eine sql injection-Schwachstelle ausgenutzt werden. Der Angriff kann über das Netzwerk angegangen werden. Der Exploit steht zur öffentlichen Verfügung.
CVE-2025-0205	2025-01-04	Online Shoe Store	Es wurde eine kritische Schwachstelle in code-projects Online Shoe Store 1.0 entdeckt. Es geht dabei um eine nicht klar definierte Funktion der Datei /details2.php. Mittels Manipulieren des Arguments id mit unbekannten Daten kann eine sql injection-Schwachstelle ausgenutzt werden. Der Angriff kann über das Netzwerk passieren. Der Exploit steht zur öffentlichen Verfügung.
CVE-2025-0206	2025-01-04	Online Shoe Store	In code-projects Online Shoe Store 1.0 wurde eine kritische Schwachstelle entdeckt. Dabei geht es um eine nicht genauer bekannte Funktion der Datei /admin/index.php. Durch das Manipulieren mit unbekannten Daten kann eine improper access controls-Schwachstelle ausgenutzt werden. Die Umsetzung des Angriffs kann dabei über das Netzwerk erfolgen. Der Exploit steht zur öffentlichen Verfügung.
CVE-2025-0207	2025-01-04	Online Shoe Store	Eine kritische Schwachstelle wurde in code-projects Online Shoe Store 1.0 entdeckt. Hierbei geht es um eine nicht exakt ausgemachte Funktion der Datei /function/login.php. Durch Manipulieren des Arguments password mit unbekannten Daten kann eine sql injection-Schwachstelle ausgenutzt werden. Umgesetzt werden kann der Angriff über das Netzwerk. Der Exploit steht zur öffentlichen Verfügung.
CVE-2025-0208	2025-01-04	Online Shoe Store	Es wurde eine kritische Schwachstelle in code-projects Online Shoe Store 1.0 gefunden. Es betrifft eine unbekannte Funktion der Datei /summary.php. Durch das Beeinflussen des Arguments tid mit unbekannten Daten kann eine sql injection-Schwachstelle ausgenutzt werden. Der Angriff kann über das Netzwerk erfolgen. Der Exploit steht zur öffentlichen Verfügung.
CVE-2025-0210	2025-01-04	School Faculty Scheduling System	In Campcodes School Faculty Scheduling System 1.0 wurde eine Schwachstelle gefunden. Sie wurde als kritisch eingestuft. Es geht um eine nicht näher bekannte Funktion der Datei /admin/ajax.php?action=login. Durch Manipulieren des Arguments username mit unbekannten Daten kann eine sql injection-Schwachstelle ausgenutzt werden. Der Angriff kann über das Netzwerk erfolgen. Der Exploit steht zur öffentlichen Verfügung.
CVE-2025-0211	2025-01-04	School Faculty Scheduling System	Eine Schwachstelle wurde in Campcodes School Faculty Scheduling System 1.0 gefunden. Sie wurde als kritisch eingestuft. Es geht hierbei um eine nicht näher spezifizierte Funktion der Datei /admin/index.php. Durch das Beeinflussen des Arguments page mit unbekannten Daten kann eine file inclusion-Schwachstelle ausgenutzt werden. Der Angriff kann über das Netzwerk angegangen werden. Der Exploit steht zur öffentlichen Verfügung.
CVE-2025-0212	2025-01-04	Student Grading System	Es wurde eine Schwachstelle in Campcodes Student Grading System 1.0 ausgemacht. Sie wurde als kritisch eingestuft. Es geht dabei um eine nicht klar definierte Funktion der Datei /view_students.php. Durch Beeinflussen des Arguments id mit unbekannten Daten kann eine sql injection-Schwachstelle ausgenutzt werden. Der Angriff kann über das Netzwerk passieren. Der Exploit steht zur öffentlichen Verfügung.
CVE-2025-0213	2025-01-04	Project Management System	In Campcodes Project Management System 1.0 wurde eine Schwachstelle ausgemacht. Sie wurde als kritisch eingestuft. Dabei geht es um eine nicht genauer bekannte Funktion der Datei /forms/update_forms.php?action=change_pic2&id=4. Dank der Manipulation des Arguments file mit unbekannten Daten kann eine unrestricted upload-Schwachstelle ausgenutzt werden. Die Umsetzung des Angriffs kann dabei über das Netzwerk erfolgen. Der Exploit steht zur öffentlichen Verfügung.
CVE-2025-0214	2025-01-04	Custom Header Menu	Eine Schwachstelle wurde in TMD Custom Header Menu 4.0.0.1 für OpenCart ausgemacht. Sie wurde als problematisch eingestuft. Hierbei geht es um eine nicht exakt ausgemachte Funktion der Datei /admin/index.php. Dank Manipulation des Arguments headermenu_id mit unbekannten Daten kann eine sql injection-Schwachstelle ausgenutzt werden. Umgesetzt werden kann der Angriff über das Netzwerk. Die Komplexität eines Angriffs ist eher hoch. Die Ausnutzbarkeit gilt als schwierig. Der Exploit steht zur öffentlichen Verfügung. Als bestmögliche Massnahme wird das Einspielen eines Upgrades empfohlen.
CVE-2025-0218	2025-01-07	pgAgent	When batch jobs are executed by pgAgent, a script is created in a temporary directory and then executed. In versions of pgAgent prior to 4.2.3, an insufficiently seeded random number generator is used when generating the directory name, leading to the possibility for a local attacker to pre-create the directory and thus prevent pgAgent from executing jobs, disrupting scheduled tasks.
CVE-2025-0219	2025-01-05	SPS851	Eine problematische Schwachstelle wurde in Trimble SPS851 488.01 entdeckt. Betroffen davon ist ein unbekannter Prozess der Komponente Receiver Status Identity Tab. Durch das Manipulieren des Arguments System Name mit unbekannten Daten kann eine cross site scripting-Schwachstelle ausgenutzt werden. Die Umsetzung des Angriffs kann dabei über das Netzwerk erfolgen. Der Exploit steht zur öffentlichen Verfügung.
CVE-2025-0220	2025-01-05	SPS851	Es wurde eine problematische Schwachstelle in Trimble SPS851 488.01 gefunden. Betroffen hiervon ist ein unbekannter Ablauf der Komponente Ethernet Configuration Menu. Durch Manipulieren des Arguments Hostname mit unbekannten Daten kann eine cross site scripting-Schwachstelle ausgenutzt werden. Umgesetzt werden kann der Angriff über das Netzwerk. Der Exploit steht zur öffentlichen Verfügung.
CVE-2025-0221	2025-01-05	Protected Folder	In IOBit Protected Folder bis 1.3.0 wurde eine problematische Schwachstelle gefunden. Es geht um die Funktion 0x22200c in der Bibliothek pffilter.sys der Komponente IOCTL Handler. Durch das Beeinflussen mit unbekannten Daten kann eine null pointer dereference-Schwachstelle ausgenutzt werden. Die Umsetzung des Angriffs hat dabei lokal zu erfolgen. Der Exploit steht zur öffentlichen Verfügung.
CVE-2025-0222	2025-01-05	Protected Folder	Eine problematische Schwachstelle wurde in IObit Protected Folder bis 13.6.0.5 gefunden. Es geht hierbei um die Funktion 0x8001E000/0x8001E004 in der Bibliothek IUProcessFilter.sys der Komponente IOCTL Handler. Durch Beeinflussen mit unbekannten Daten kann eine null pointer dereference-Schwachstelle ausgenutzt werden. Umgesetzt werden muss der Angriff lokal. Der Exploit steht zur öffentlichen Verfügung.
CVE-2025-0223	2025-01-05	Protected Folder	Es wurde eine problematische Schwachstelle in IObit Protected Folder bis 13.6.0.5 ausgemacht. Es geht dabei um die Funktion 0x8001E000/0x8001E00C/0x8001E004/0x8001E010 in der Bibliothek IURegistryFilter.sys der Komponente IOCTL Handler. Dank der Manipulation mit unbekannten Daten kann eine null pointer dereference-Schwachstelle ausgenutzt werden. Der Angriff hat dabei lokal zu erfolgen. Der Exploit steht zur öffentlichen Verfügung.
CVE-2025-0224	2025-01-05	SH-4050A-2 : SH-4100A-2L(MM) : SH-8100A-2L(MM) : SH-16200A-2(1U) : SH-16200A-5(1U) : NVR5-8200PX	In Provision-ISR SH-4050A-2, SH-4100A-2L(MM), SH-8100A-2L(MM), SH-16200A-2(1U), SH-16200A-5(1U) and NVR5-8200PX bis 20241220 wurde eine problematische Schwachstelle ausgemacht. Dabei geht es um eine nicht genauer bekannte Funktion der Datei /server.js. Dank Manipulation mit unbekannten Daten kann eine information disclosure-Schwachstelle ausgenutzt werden. Die Umsetzung des Angriffs kann dabei über das Netzwerk erfolgen. Der Exploit steht zur öffentlichen Verfügung.
CVE-2025-0225	2025-01-05	Electronic Archives System	In Tsinghua Unigroup Electronic Archives System 3.2.210802(62532) wurde eine problematische Schwachstelle entdeckt. Es geht um eine nicht näher bekannte Funktion der Datei /setting/ClassFy/exampleDownload.html. Mit der Manipulation des Arguments name mit unbekannten Daten kann eine path traversal: '/../filedir'-Schwachstelle ausgenutzt werden. Der Angriff kann über das Netzwerk erfolgen. Der Exploit steht zur öffentlichen Verfügung.
CVE-2025-0226	2025-01-05	Electronic Archives System	Eine problematische Schwachstelle wurde in Tsinghua Unigroup Electronic Archives System 3.2.210802(62532) entdeckt. Es geht hierbei um die Funktion download der Datei /collect/PortV4/downLoad.html. Durch die Manipulation des Arguments path mit unbekannten Daten kann eine information disclosure-Schwachstelle ausgenutzt werden. Der Angriff kann über das Netzwerk angegangen werden. Der Exploit steht zur öffentlichen Verfügung.
CVE-2025-0227	2025-01-05	Electronic Archives System	Es wurde eine problematische Schwachstelle in Tsinghua Unigroup Electronic Archives System 3.2.210802(62532) gefunden. Es geht dabei um eine nicht klar definierte Funktion der Datei /Logs/Annals/downLoad.html. Durch Manipulation des Arguments path mit unbekannten Daten kann eine information disclosure-Schwachstelle ausgenutzt werden. Der Angriff kann über das Netzwerk passieren. Der Exploit steht zur öffentlichen Verfügung.
CVE-2025-0228	2025-01-05	Local Storage Todo App	In code-projects Local Storage Todo App 1.0 wurde eine problematische Schwachstelle gefunden. Dabei geht es um eine nicht genauer bekannte Funktion der Datei /js-todo-app/index.html. Mittels dem Manipulieren des Arguments Add mit unbekannten Daten kann eine cross site scripting-Schwachstelle ausgenutzt werden. Die Umsetzung des Angriffs kann dabei über das Netzwerk erfolgen. Der Exploit steht zur öffentlichen Verfügung.
CVE-2025-0229	2025-01-05	Travel Management System	Eine Schwachstelle wurde in code-projects Travel Management System 1.0 entdeckt. Sie wurde als kritisch eingestuft. Davon betroffen ist unbekannter Code der Datei /enquiry.php. Dank Manipulation des Arguments pid/t1/t2/t3/t4/t5/t6/t7 mit unbekannten Daten kann eine sql injection-Schwachstelle ausgenutzt werden. Der Angriff kann über das Netzwerk erfolgen. Der Exploit steht zur öffentlichen Verfügung.
CVE-2025-0230	2025-01-05	Responsive Hotel Site	Es wurde eine Schwachstelle in code-projects Responsive Hotel Site 1.0 gefunden. Sie wurde als kritisch eingestuft. Hiervon betroffen ist ein unbekannter Codeblock der Datei /admin/print.php. Mit der Manipulation des Arguments pid mit unbekannten Daten kann eine sql injection-Schwachstelle ausgenutzt werden. Der Angriff kann über das Netzwerk angegangen werden. Der Exploit steht zur öffentlichen Verfügung.
CVE-2025-0231	2025-01-05	Gym Management System	In Codezips Gym Management System 1.0 wurde eine Schwachstelle gefunden. Sie wurde als kritisch eingestuft. Betroffen ist eine unbekannte Verarbeitung der Datei /dashboard/admin/submit_payments.php. Durch die Manipulation des Arguments m_id mit unbekannten Daten kann eine sql injection-Schwachstelle ausgenutzt werden. Der Angriff kann über das Netzwerk passieren. Der Exploit steht zur öffentlichen Verfügung.
CVE-2025-0232	2025-01-05	Blood Bank Management System	Eine Schwachstelle wurde in Codezips Blood Bank Management System 1.0 gefunden. Sie wurde als kritisch eingestuft. Betroffen davon ist ein unbekannter Prozess der Datei /successadmin.php. Durch Manipulation des Arguments psw mit unbekannten Daten kann eine sql injection-Schwachstelle ausgenutzt werden. Die Umsetzung des Angriffs kann dabei über das Netzwerk erfolgen. Der Exploit steht zur öffentlichen Verfügung.
CVE-2025-0233	2025-01-05	Project Management System	Es wurde eine Schwachstelle in Codezips Project Management System 1.0 ausgemacht. Sie wurde als kritisch eingestuft. Betroffen hiervon ist ein unbekannter Ablauf der Datei /pages/forms/course.php. Mittels dem Manipulieren des Arguments course_name mit unbekannten Daten kann eine sql injection-Schwachstelle ausgenutzt werden. Umgesetzt werden kann der Angriff über das Netzwerk. Der Exploit steht zur öffentlichen Verfügung.
CVE-2025-0237	2025-01-07	Firefox : Firefox ESR	The WebChannel API, which is used to transport various information across processes, did not check the sending principal but rather accepted the principal being sent. This could have led to privilege escalation attacks. This vulnerability affects Firefox < 134 and Firefox ESR < 128.6.
CVE-2025-0238	2025-01-07	Firefox : Firefox ESR : Firefox ESR	Assuming a controlled failed memory allocation, an attacker could have caused a use-after-free, leading to a potentially exploitable crash. This vulnerability affects Firefox < 134, Firefox ESR < 128.6, and Firefox ESR < 115.19.
CVE-2025-0239	2025-01-07	Firefox : Firefox ESR	When using Alt-Svc, ALPN did not properly validate certificates when the original server is redirecting to an insecure site. This vulnerability affects Firefox < 134 and Firefox ESR < 128.6.
CVE-2025-0240	2025-01-07	Firefox : Firefox ESR	Parsing a JavaScript module as JSON could, under some circumstances, cause cross-compartment access, which may result in a use-after-free. This vulnerability affects Firefox < 134 and Firefox ESR < 128.6.
CVE-2025-0241	2025-01-07	Firefox : Firefox ESR	When segmenting specially crafted text, segmentation would corrupt memory leading to a potentially exploitable crash. This vulnerability affects Firefox < 134 and Firefox ESR < 128.6.
CVE-2025-0242	2025-01-07	Firefox : Firefox ESR : Firefox ESR	Memory safety bugs present in Firefox 133, Thunderbird 133, Firefox ESR 115.18, Firefox ESR 128.5, Thunderbird 115.18, and Thunderbird 128.5. Some of these bugs showed evidence of memory corruption and we presume that with enough effort some of these could have been exploited to run arbitrary code. This vulnerability affects Firefox < 134, Firefox ESR < 128.6, and Firefox ESR < 115.19.
CVE-2025-0243	2025-01-07	Firefox : Firefox ESR	Memory safety bugs present in Firefox 133, Thunderbird 133, Firefox ESR 128.5, and Thunderbird 128.5. Some of these bugs showed evidence of memory corruption and we presume that with enough effort some of these could have been exploited to run arbitrary code. This vulnerability affects Firefox < 134 and Firefox ESR < 128.6.
CVE-2025-0244	2025-01-07	Firefox	When redirecting to an invalid protocol scheme, an attacker could spoof the address bar. \n*Note: This issue only affected Android operating systems. Other operating systems are unaffected.* This vulnerability affects Firefox < 134.
CVE-2025-0245	2025-01-07	Firefox	Under certain circumstances, a user opt-in setting that Focus should require authentication before use could have been be bypassed. This vulnerability affects Firefox < 134.
CVE-2025-0246	2025-01-07	Firefox	When using an invalid protocol scheme, an attacker could spoof the address bar. \n*Note: This issue only affected Android operating systems. Other operating systems are unaffected.*\n*Note: This issue is a different issue from CVE-2025-0244. This vulnerability affects Firefox < 134.
CVE-2025-0247	2025-01-07	Firefox	Memory safety bugs present in Firefox 133 and Thunderbird 133. Some of these bugs showed evidence of memory corruption and we presume that with enough effort some of these could have been exploited to run arbitrary code. This vulnerability affects Firefox < 134.
CVE-2025-0294	2025-01-07	Home Clean Services Management System	In SourceCodester Home Clean Services Management System 1.0 wurde eine Schwachstelle gefunden. Sie wurde als kritisch eingestuft. Dabei geht es um eine nicht genauer bekannte Funktion der Datei /public_html/admin/process.php. Durch Beeinflussen des Arguments type/length/business mit unbekannten Daten kann eine sql injection-Schwachstelle ausgenutzt werden. Die Umsetzung des Angriffs kann dabei über das Netzwerk erfolgen. Der Exploit steht zur öffentlichen Verfügung.
CVE-2025-0295	2025-01-07	Online Book Shop	Eine Schwachstelle wurde in code-projects Online Book Shop 1.0 gefunden. Sie wurde als problematisch eingestuft. Hierbei geht es um eine nicht exakt ausgemachte Funktion der Datei /booklist.php?subcatid=1. Dank der Manipulation des Arguments subcatnm mit unbekannten Daten kann eine cross site scripting-Schwachstelle ausgenutzt werden. Umgesetzt werden kann der Angriff über das Netzwerk. Der Exploit steht zur öffentlichen Verfügung.
CVE-2025-0296	2025-01-07	Online Book Shop	Es wurde eine Schwachstelle in code-projects Online Book Shop 1.0 ausgemacht. Sie wurde als kritisch eingestuft. Es betrifft eine unbekannte Funktion der Datei /booklist.php. Dank Manipulation des Arguments subcatid mit unbekannten Daten kann eine sql injection-Schwachstelle ausgenutzt werden. Der Angriff kann über das Netzwerk erfolgen. Der Exploit steht zur öffentlichen Verfügung.
CVE-2025-0297	2025-01-07	Online Book Shop	In code-projects Online Book Shop 1.0 wurde eine Schwachstelle ausgemacht. Sie wurde als kritisch eingestuft. Das betrifft eine unbekannte Funktionalität der Datei /detail.php. Mit der Manipulation des Arguments id mit unbekannten Daten kann eine sql injection-Schwachstelle ausgenutzt werden. Der Angriff kann über das Netzwerk angegangen werden. Der Exploit steht zur öffentlichen Verfügung.
CVE-2025-0298	2025-01-07	Online Book Shop	Eine Schwachstelle wurde in code-projects Online Book Shop 1.0 ausgemacht. Sie wurde als kritisch eingestuft. Dies betrifft einen unbekannten Teil der Datei /process_login.php. Durch die Manipulation des Arguments usernm mit unbekannten Daten kann eine sql injection-Schwachstelle ausgenutzt werden. Der Angriff kann über das Netzwerk passieren. Der Exploit steht zur öffentlichen Verfügung.
CVE-2025-0299	2025-01-07	Online Book Shop	Es wurde eine kritische Schwachstelle in code-projects Online Book Shop 1.0 entdeckt. Dabei betrifft es einen unbekannter Codeteil der Datei /search_result.php. Durch Manipulation des Arguments s mit unbekannten Daten kann eine sql injection-Schwachstelle ausgenutzt werden. Die Umsetzung des Angriffs kann dabei über das Netzwerk erfolgen. Der Exploit steht zur öffentlichen Verfügung.
CVE-2025-0300	2025-01-07	Online Book Shop	In code-projects Online Book Shop 1.0 wurde eine kritische Schwachstelle entdeckt. Hierbei betrifft es unbekannten Programmcode der Datei /subcat.php. Mittels dem Manipulieren des Arguments cat mit unbekannten Daten kann eine sql injection-Schwachstelle ausgenutzt werden. Umgesetzt werden kann der Angriff über das Netzwerk. Der Exploit steht zur öffentlichen Verfügung.
CVE-2025-0301	2025-01-07	Online Book Shop	Eine problematische Schwachstelle wurde in code-projects Online Book Shop 1.0 entdeckt. Davon betroffen ist unbekannter Code der Datei /subcat.php. Mittels Manipulieren des Arguments catnm mit unbekannten Daten kann eine cross site scripting-Schwachstelle ausgenutzt werden. Der Angriff kann über das Netzwerk erfolgen. Der Exploit steht zur öffentlichen Verfügung.
CVE-2025-21102	2025-01-08	Dell VxRail HCI	Dell VxRail, versions 7.0.000 through 7.0.532, contain(s) a Plaintext Storage of a Password vulnerability. A high privileged attacker with local access could potentially exploit this vulnerability, leading to Information exposure.
CVE-2025-21603	2025-01-08	MZK-DP300N	Cross-site scripting vulnerability exists in MZK-DP300N firmware versions 1.05 and earlier. If an attacker logs in to the affected product and manipulates the device settings, an arbitrary script may be executed on the logged-in user's web browser when accessing a crafted URL.
CVE-2025-21604	2025-01-06	langchain4j-aideepin	LangChain4j-AIDeepin is a Retrieval enhancement generation (RAG) project. Prior to 3.5.0, LangChain4j-AIDeepin uses MD5 to hash files, which may cause file upload conflicts. This issue is fixed in 3.5.0.
CVE-2025-21609	2025-01-03	siyuan	SiYuan is self-hosted, open source personal knowledge management software. SiYuan Note version 3.1.18 has an arbitrary file deletion vulnerability. The vulnerability exists in the `POST /api/history/getDocHistoryContent` endpoint. An attacker can craft a payload to exploit this vulnerability, resulting in the deletion of arbitrary files on the server. Commit d9887aeec1b27073bec66299a9a4181dc42969f3 fixes this vulnerability and is expected to be available in version 3.1.19.
CVE-2025-21610	2025-01-03	trix	Trix is a what-you-see-is-what-you-get rich text editor for everyday writing. Versions prior to 2.1.12 are vulnerable to cross-site scripting when pasting malicious code in the link field. An attacker could trick the user to copy&paste a malicious `javascript:` URL as a link that would execute arbitrary JavaScript code within the context of the user's session, potentially leading to unauthorized actions being performed or sensitive information being disclosed. Users should upgrade to Trix editor version 2.1.12 or later to receive a patch. In addition to upgrading, affected users can disallow browsers that don't support a Content Security Policy (CSP) as a workaround for this and other cross-site scripting vulnerabilities. Set CSP policies such as script-src 'self' to ensure that only scripts hosted on the same origin are executed, and explicitly prohibit inline scripts using script-src-elem.
CVE-2025-21611	2025-01-06	tgstation-server	tgstation-server is a production scale tool for BYOND server management. Prior to 6.12.3, roles used to authorize API methods were incorrectly OR'd instead of AND'ed with the role used to determine if a user was enabled. This allows enabled users access to most, but not all, authorized actions regardless of their permissions. Notably, the WriteUsers right is unaffected so users may not use this bug to permanently elevate their account permissions. The fix is release in tgstation-server-v6.12.3.
CVE-2025-21612	2025-01-06	mediawiki-extensions-TabberNeue	TabberNeue is a MediaWiki extension that allows the wiki to create tabs. Prior to 2.7.2, TabberTransclude.php doesn't escape the user-supplied page name when outputting, so an XSS payload as the page name can be used here. This vulnerability is fixed in 2.7.2.
CVE-2025-21613	2025-01-06	go-git	go-git is a highly extensible git implementation library written in pure Go. An argument injection vulnerability was discovered in go-git versions prior to v5.13. Successful exploitation of this vulnerability could allow an attacker to set arbitrary values to git-upload-pack flags. This only happens when the file transport protocol is being used, as that is the only protocol that shells out to git binaries. This vulnerability is fixed in 5.13.0.
CVE-2025-21614	2025-01-06	go-git	go-git is a highly extensible git implementation library written in pure Go. A denial of service (DoS) vulnerability was discovered in go-git versions prior to v5.13. This vulnerability allows an attacker to perform denial of service attacks by providing specially crafted responses from a Git server which triggers resource exhaustion in go-git clients. Users running versions of go-git from v4 and above are recommended to upgrade to v5.13 in order to mitigate this vulnerability.
CVE-2025-21615	2025-01-06	AAT	AAT (Another Activity Tracker) is a GPS-tracking application for tracking sportive activities, with emphasis on cycling. Versions lower than v1.26 of AAT are vulnerable to data exfiltration from malicious apps installed on the same device.
CVE-2025-21616	2025-01-06	plane	Plane is an open-source project management tool. A cross-site scripting (XSS) vulnerability has been identified in Plane versions prior to 0.23. The vulnerability allows authenticated users to upload SVG files containing malicious JavaScript code as profile images, which gets executed in victims' browsers when viewing the profile image.
CVE-2025-21617	2025-01-06	oauth-subscriber	Guzzle OAuth Subscriber signs Guzzle requests using OAuth 1.0. Prior to 0.8.1, Nonce generation does not use sufficient entropy nor a cryptographically secure pseudorandom source. This can leave servers vulnerable to replay attacks when TLS is not used. This vulnerability is fixed in 0.8.1.
CVE-2025-21618	2025-01-06	nicegui	NiceGUI is an easy-to-use, Python-based UI framework. Prior to 2.9.1, authenticating with NiceGUI logged in the user for all browsers, including browsers in incognito mode. This vulnerability is fixed in 2.9.1.
CVE-2025-21620	2025-01-06	deno	Deno is a JavaScript, TypeScript, and WebAssembly runtime with secure defaults. When you send a request with the Authorization header to one domain, and the response asks to redirect to a different domain, Deno'sfetch() redirect handling creates a follow-up redirect request that keeps the original Authorization header, leaking its content to that second domain. This vulnerability is fixed in 2.1.2.
CVE-2025-21622	2025-01-07	clipbucket-v5	ClipBucket V5 provides open source video hosting with PHP. During the user avatar upload workflow, a user can choose to upload and change their avatar at any time. During deletion, ClipBucket checks for the avatar_url as a filepath within the avatars subdirectory. If the URL path exists within the avatars directory, ClipBucket will delete it. There is no check for path traversal sequences in the provided user input (stored in the DB as avatar_url) therefore the final $file variable could be tainted with path traversal sequences. This leads to file deletion outside of the intended scope of the avatars folder. This vulnerability is fixed in 5.5.1 - 237.
CVE-2025-21623	2025-01-07	clipbucket-v5	ClipBucket V5 provides open source video hosting with PHP. Prior to 5.5.1 - 238, ClipBucket V5 allows unauthenticated attackers to change the template directory via a directory traversal, which results in a denial of service.
CVE-2025-21624	2025-01-07	clipbucket-v5	ClipBucket V5 provides open source video hosting with PHP. Prior to 5.5.1 - 239, a file upload vulnerability exists in the Manage Playlist functionality of the application, specifically surrounding the uploading of playlist cover images. Without proper checks, an attacker can upload a PHP script file instead of an image file, thus allowing a webshell or other malicious files to be stored and executed on the server. This attack vector exists in both the admin area and low-level user area. This vulnerability is fixed in 5.5.1 - 239.
CVE-2025-22132	2025-01-07	WeGIA	WeGIA is a web manager for charitable institutions. A Cross-Site Scripting (XSS) vulnerability was identified in the file upload functionality of the WeGIA/html/socio/sistema/controller/controla_xlsx.php endpoint. By uploading a file containing malicious JavaScript code, an attacker can execute arbitrary scripts in the context of a victim's browser. This can lead to information theft, session hijacking, and other forms of client-side exploitation. This vulnerability is fixed in 3.2.7.
CVE-2025-22133	2025-01-07	WeGIA	WeGIA is a web manager for charitable institutions. Prior to 3.2.8, a critical vulnerability was identified in the /WeGIA/html/socio/sistema/controller/controla_xlsx.php endpoint. The endpoint accepts file uploads without proper validation, allowing the upload of malicious files, such as .phar, which can then be executed by the server. This vulnerability is fixed in 3.2.8.
CVE-2025-22214	2025-01-02	n/a	Landray EIS 2001 through 2006 allows Message/fi_message_receiver.aspx?replyid= SQL injection.
CVE-2025-22215	2025-01-08	VMware Aria Automation : VMware Cloud Foundation (VMware Aria Automation)	VMware Aria Automation contains a server-side request forgery (SSRF) vulnerability. A malicious actor with "Organization Member" access to Aria Automation may exploit this vulnerability enumerate internal services running on the host/network.
CVE-2025-22261	2025-01-07	WP FullCalendar	Improper Neutralization of Input During Web Page Generation ('Cross-site Scripting') vulnerability in Pixelite WP FullCalendar allows Stored XSS.This issue affects WP FullCalendar: from n/a through 1.5.
CVE-2025-22275	2025-01-03	iTerm2	iTerm2 3.5.6 through 3.5.10 before 3.5.11 sometimes allows remote attackers to obtain sensitive information from terminal commands by reading the /tmp/framer.txt file. This can occur for certain it2ssh and SSH Integration configurations, during remote logins to hosts that have a common Python installation.
CVE-2025-22293	2025-01-07	Gutentor	Improper Neutralization of Input During Web Page Generation ('Cross-site Scripting') vulnerability in Gutentor Gutentor allows DOM-Based XSS.This issue affects Gutentor: from n/a through 3.4.0.
CVE-2025-22294	2025-01-07	Custom Field For WP Job Manager	Improper Neutralization of Input During Web Page Generation ('Cross-site Scripting') vulnerability in Gravity Master Custom Field For WP Job Manager allows Reflected XSS.This issue affects Custom Field For WP Job Manager: from n/a through 1.3.
CVE-2025-22296	2025-01-07	Hash Elements	Improper Neutralization of Input During Web Page Generation ('Cross-site Scripting') vulnerability in HashThemes Hash Elements.This issue affects Hash Elements: from n/a through 1.4.9.
CVE-2025-22297	2025-01-07	AI WP Writer	Cross-Site Request Forgery (CSRF) vulnerability in AIpost AI WP Writer allows Cross Site Request Forgery.This issue affects AI WP Writer: from n/a through 3.8.4.4.
CVE-2025-22298	2025-01-07	Hive Support – WordPress Help Desk	Missing Authorization vulnerability in Hive Support Hive Support – WordPress Help Desk allows Exploiting Incorrectly Configured Access Control Security Levels.This issue affects Hive Support – WordPress Help Desk: from n/a through 1.1.6.
CVE-2025-22299	2025-01-07	AI for SEO	Missing Authorization vulnerability in spacecodes AI for SEO allows Exploiting Incorrectly Configured Access Control Security Levels.This issue affects AI for SEO: from n/a through 1.2.9.
CVE-2025-22300	2025-01-07	PixelYourSite – Your smart PIXEL (TAG) Manager	Cross-Site Request Forgery (CSRF) vulnerability in PixelYourSite PixelYourSite – Your smart PIXEL (TAG) Manager allows Cross Site Request Forgery.This issue affects PixelYourSite – Your smart PIXEL (TAG) Manager: from n/a through 10.0.1.2.
CVE-2025-22301	2025-01-07	MyBookTable Bookstore	Cross-Site Request Forgery (CSRF) vulnerability in Stormhill Media MyBookTable Bookstore allows Cross Site Request Forgery.This issue affects MyBookTable Bookstore: from n/a through 3.5.3.
CVE-2025-22302	2025-01-07	WP Wand	Missing Authorization vulnerability in WP Wand WP Wand allows Exploiting Incorrectly Configured Access Control Security Levels.This issue affects WP Wand: from n/a through 1.2.5.
CVE-2025-22303	2025-01-07	WP Mailster	Insertion of Sensitive Information Into Sent Data vulnerability in brandtoss WP Mailster allows Retrieve Embedded Sensitive Data.This issue affects WP Mailster: from n/a through 1.8.17.0.
CVE-2025-22304	2025-01-07	WP Visitor Statistics (Real Time Traffic)	Missing Authorization vulnerability in osamaesh WP Visitor Statistics (Real Time Traffic) allows Exploiting Incorrectly Configured Access Control Security Levels.This issue affects WP Visitor Statistics (Real Time Traffic): from n/a through 7.3.
CVE-2025-22305	2025-01-07	Hero Banner Ultimate	Improper Control of Filename for Include/Require Statement in PHP Program ('PHP Remote File Inclusion') vulnerability in WP OnlineSupport, Essential Plugin Hero Banner Ultimate allows PHP Local File Inclusion.This issue affects Hero Banner Ultimate: from n/a through 1.4.2.
CVE-2025-22306	2025-01-07	Link Whisper Free	Insertion of Sensitive Information into Externally-Accessible File or Directory vulnerability in Link Whisper Link Whisper Free.This issue affects Link Whisper Free: from n/a through 0.7.7.
CVE-2025-22308	2025-01-07	Smart Custom Fields	Improper Neutralization of Input During Web Page Generation ('Cross-site Scripting') vulnerability in inc2734 Smart Custom Fields allows Stored XSS.This issue affects Smart Custom Fields: from n/a through 5.0.0.
CVE-2025-22309	2025-01-07	SpeakOut! Email Petitions	Improper Neutralization of Input During Web Page Generation ('Cross-site Scripting') vulnerability in Steve D SpeakOut! Email Petitions allows DOM-Based XSS.This issue affects SpeakOut! Email Petitions: from n/a through 4.4.2.
CVE-2025-22310	2025-01-07	TemplatesNext ToolKit	Improper Neutralization of Input During Web Page Generation ('Cross-site Scripting') vulnerability in TemplatesNext TemplatesNext ToolKit allows Stored XSS.This issue affects TemplatesNext ToolKit: from n/a through 3.2.9.
CVE-2025-22312	2025-01-07	Thim Elementor Kit	Improper Neutralization of Input During Web Page Generation ('Cross-site Scripting') vulnerability in ThimPress Thim Elementor Kit allows DOM-Based XSS.This issue affects Thim Elementor Kit: from n/a through 1.2.8.
CVE-2025-22315	2025-01-07	Typing Text	Improper Neutralization of Input During Web Page Generation ('Cross-site Scripting') vulnerability in WPDeveloper Typing Text allows Stored XSS.This issue affects Typing Text: from n/a through 1.2.7.
CVE-2025-22316	2025-01-07	WPBITS Addons For Elementor Page Builder	Improper Neutralization of Input During Web Page Generation ('Cross-site Scripting') vulnerability in WPBits WPBITS Addons For Elementor Page Builder allows Stored XSS.This issue affects WPBITS Addons For Elementor Page Builder: from n/a through 1.5.1.
CVE-2025-22319	2025-01-07	Social Media Share Buttons | MashShare	Missing Authorization vulnerability in DearHive Social Media Share Buttons | MashShare.This issue affects Social Media Share Buttons | MashShare: from n/a through 4.0.47.
CVE-2025-22320	2025-01-07	ProductDyno	Improper Neutralization of Input During Web Page Generation ('Cross-site Scripting') vulnerability in ProductDyno ProductDyno allows Reflected XSS.This issue affects ProductDyno: from n/a through 1.0.24.
CVE-2025-22321	2025-01-07	ElementsCSS Addons for Elementor	Improper Neutralization of Input During Web Page Generation ('Cross-site Scripting') vulnerability in TheInnovs ElementsCSS Addons for Elementor allows Stored XSS.This issue affects ElementsCSS Addons for Elementor: from n/a through 1.0.8.7.
CVE-2025-22323	2025-01-07	Image Hover Effects for Elementor	Improper Neutralization of Input During Web Page Generation ('Cross-site Scripting') vulnerability in Jewel Theme Image Hover Effects for Elementor allows Stored XSS.This issue affects Image Hover Effects for Elementor: from n/a through 1.0.2.3.
CVE-2025-22324	2025-01-07	OZ Canonical	Improper Neutralization of Input During Web Page Generation ('Cross-site Scripting') vulnerability in Andon Ivanov OZ Canonical allows Reflected XSS.This issue affects OZ Canonical: from n/a through 0.5.
CVE-2025-22325	2025-01-07	Autocompleter	Cross-Site Request Forgery (CSRF) vulnerability in Nik Chankov Autocompleter allows Stored XSS.This issue affects Autocompleter: from n/a through 1.3.5.2.
CVE-2025-22326	2025-01-07	5centsCDN	Improper Neutralization of Input During Web Page Generation ('Cross-site Scripting') vulnerability in 5centsCDN 5centsCDN allows Reflected XSS.This issue affects 5centsCDN: from n/a through 24.8.16.
CVE-2025-22327	2025-01-07	EO4WP	Improper Neutralization of Input During Web Page Generation ('Cross-site Scripting') vulnerability in Olaf Lederer EO4WP allows Stored XSS.This issue affects EO4WP: from n/a through 1.0.7.
CVE-2025-22328	2025-01-07	Elevio	Cross-Site Request Forgery (CSRF) vulnerability in Elevio Elevio allows Stored XSS.This issue affects Elevio: from n/a through 4.4.1.
CVE-2025-22333	2025-01-07	Piotnet Addons For Elementor	Improper Neutralization of Input During Web Page Generation ('Cross-site Scripting') vulnerability in Piotnet Piotnet Addons For Elementor allows Stored XSS.This issue affects Piotnet Addons For Elementor: from n/a through 2.4.31.
CVE-2025-22334	2025-01-07	Education LMS	Improper Neutralization of Input During Web Page Generation ('Cross-site Scripting') vulnerability in FilaThemes Education LMS allows Stored XSS.This issue affects Education LMS: from n/a through 0.0.7.
CVE-2025-22335	2025-01-07	Opencart Product in WP	Improper Neutralization of Input During Web Page Generation ('Cross-site Scripting') vulnerability in Md. Rajib Dewan Opencart Product in WP allows Reflected XSS.This issue affects Opencart Product in WP: from n/a through 1.0.1.
CVE-2025-22336	2025-01-07	Wizhi Multi Filters by Wenprise	Cross-Site Request Forgery (CSRF) vulnerability in WordPress 智库 Wizhi Multi Filters by Wenprise allows Stored XSS.This issue affects Wizhi Multi Filters by Wenprise: from n/a through 1.8.6.
CVE-2025-22338	2025-01-07	WP-tagMaker	Improper Neutralization of Input During Web Page Generation ('Cross-site Scripting') vulnerability in lich_wang WP-tagMaker allows Reflected XSS.This issue affects WP-tagMaker: from n/a through 0.2.2.
CVE-2025-22339	2025-01-07	Store Commerce	Improper Neutralization of Input During Web Page Generation ('Cross-site Scripting') vulnerability in aThemeArt Store Commerce allows DOM-Based XSS.This issue affects Store Commerce: from n/a through 1.2.3.
CVE-2025-22342	2025-01-07	WP Simple Sitemap	Cross-Site Request Forgery (CSRF) vulnerability in Jens Törnell WP Simple Sitemap allows Stored XSS.This issue affects WP Simple Sitemap: from n/a through 0.2.
CVE-2025-22343	2025-01-07	wpSOL	Cross-Site Request Forgery (CSRF) vulnerability in Dennis Koot wpSOL allows Stored XSS.This issue affects wpSOL: from n/a through 1.2.0.
CVE-2025-22347	2025-01-07	BSK Forms Blacklist	Cross-Site Request Forgery (CSRF) vulnerability in BannerSky.com BSK Forms Blacklist allows Blind SQL Injection.This issue affects BSK Forms Blacklist: from n/a through 3.9.
CVE-2025-22348	2025-01-07	DynamicTags	Improper Neutralization of Special Elements used in an SQL Command ('SQL Injection') vulnerability in RTO GmbH DynamicTags allows Blind SQL Injection.This issue affects DynamicTags: from n/a through 1.4.0.
CVE-2025-22349	2025-01-07	WordPress Auction Plugin	Improper Neutralization of Special Elements used in an SQL Command ('SQL Injection') vulnerability in Owen Cutajar & Hyder Jaffari WordPress Auction Plugin allows SQL Injection.This issue affects WordPress Auction Plugin: from n/a through 3.7.
CVE-2025-22350	2025-01-07	Ultimate Learning Pro	Improper Neutralization of Special Elements used in an SQL Command ('SQL Injection') vulnerability in WpIndeed Ultimate Learning Pro allows SQL Injection.This issue affects Ultimate Learning Pro: from n/a through 3.9.
CVE-2025-22351	2025-01-07	Contact Form 7 Database – CFDB7	Improper Neutralization of Special Elements used in an SQL Command ('SQL Injection') vulnerability in PenguinArts Contact Form 7 Database – CFDB7 allows SQL Injection.This issue affects Contact Form 7 Database – CFDB7: from n/a through 1.0.0.
CVE-2025-22352	2025-01-07	ELEX WooCommerce Advanced Bulk Edit Products, Prices & Attributes	Improper Neutralization of Special Elements used in an SQL Command ('SQL Injection') vulnerability in ELEXtensions ELEX WooCommerce Advanced Bulk Edit Products, Prices & Attributes allows Blind SQL Injection.This issue affects ELEX WooCommerce Advanced Bulk Edit Products, Prices & Attributes: from n/a through 1.4.8.
CVE-2025-22353	2025-01-07	BVD Easy Gallery Manager	Improper Neutralization of Input During Web Page Generation ('Cross-site Scripting') vulnerability in Balcom-Vetillo Design, Inc. BVD Easy Gallery Manager allows Reflected XSS.This issue affects BVD Easy Gallery Manager: from n/a through 1.0.6.
CVE-2025-22354	2025-01-07	Digi Store	Improper Neutralization of Input During Web Page Generation ('Cross-site Scripting') vulnerability in Code Themes Digi Store allows DOM-Based XSS.This issue affects Digi Store: from n/a through 1.1.4.
CVE-2025-22355	2025-01-07	Kikx Simple Post Author Filter	Improper Neutralization of Input During Web Page Generation ('Cross-site Scripting') vulnerability in kiKx Kikx Simple Post Author Filter allows Reflected XSS.This issue affects Kikx Simple Post Author Filter: from n/a through 1.0.
CVE-2025-22357	2025-01-07	Target Notifications	Improper Neutralization of Input During Web Page Generation ('Cross-site Scripting') vulnerability in Simple Plugins Target Notifications allows Reflected XSS.This issue affects Target Notifications: from n/a through 1.1.1.
CVE-2025-22358	2025-01-07	Wp advertising management	Improper Neutralization of Input During Web Page Generation ('Cross-site Scripting') vulnerability in Marcon Simone Wp advertising management allows Reflected XSS.This issue affects Wp advertising management: from n/a through 1.0.3.
CVE-2025-22359	2025-01-07	SyncFields	Improper Neutralization of Input During Web Page Generation ('Cross-site Scripting') vulnerability in PJFC SyncFields allows Reflected XSS.This issue affects SyncFields: from n/a through 2.1.
CVE-2025-22362	2025-01-07	WPAchievements Free	Improper Neutralization of Input During Web Page Generation ('Cross-site Scripting') vulnerability in Powerfusion WPAchievements Free allows Stored XSS.This issue affects WPAchievements Free: from n/a through 1.2.0.
CVE-2025-22363	2025-01-07	Allada T-shirt Designer for Woocommerce	Missing Authorization vulnerability in ORION Allada T-shirt Designer for Woocommerce.This issue affects Allada T-shirt Designer for Woocommerce: from n/a through 1.1.
CVE-2025-22364	2025-01-07	Ach Invoice App	Improper Control of Filename for Include/Require Statement in PHP Program ('PHP Remote File Inclusion') vulnerability in Service Shogun Ach Invoice App allows PHP Local File Inclusion.This issue affects Ach Invoice App: from n/a through 1.0.1.
CVE-2025-22365	2025-01-07	EMC2 Alert Boxes	Improper Neutralization of Input During Web Page Generation ('Cross-site Scripting') vulnerability in Eric McNiece EMC2 Alert Boxes allows Stored XSS.This issue affects EMC2 Alert Boxes: from n/a through 1.3.
CVE-2025-22376	2025-01-03	n/a	In Net::OAuth::Client in the Net::OAuth package before 0.29 for Perl, the default nonce is a 32-bit integer generated from the built-in rand() function, which is not cryptographically strong.
CVE-2025-22383	2025-01-04	n/a	An issue was discovered in Optimizely Configured Commerce before 5.2.2408. A medium-severity input validation issue exists in the Commerce B2B application, affecting the Contact Us functionality. This allows visitors to send e-mail messages that could contain unfiltered HTML markup in specific scenarios.
CVE-2025-22384	2025-01-04	n/a	An issue was discovered in Optimizely Configured Commerce before 5.2.2408. A medium-severity issue concerning business logic exists in the Commerce B2B application, which allows storefront visitors to purchase discontinued products in specific scenarios where requests are altered before reaching the server.
CVE-2025-22385	2025-01-04	n/a	An issue was discovered in Optimizely Configured Commerce before 5.2.2408. For newly created accounts, the Commerce B2B application does not require email confirmation. This medium-severity issue allows the mass creation of accounts. This could affect database storage; also, non-requested storefront accounts can be created on behalf of visitors.
CVE-2025-22386	2025-01-04	n/a	An issue was discovered in Optimizely Configured Commerce before 5.2.2408. A medium-severity session issue exists in the Commerce B2B application, affecting the longevity of active sessions in the storefront. This allows session tokens tied to logged-out sessions to still be active and usable.
CVE-2025-22387	2025-01-04	n/a	An issue was discovered in Optimizely Configured Commerce before 5.2.2408. A medium-severity issue exists in requests for resources where the session token is submitted as a URL parameter. This exposes information about the authenticated session, which can be leveraged for session hijacking.
CVE-2025-22388	2025-01-04	n/a	An issue was discovered in Optimizely EPiServer.CMS.Core before 12.22.0. A high-severity Stored Cross-Site Scripting (XSS) vulnerability exists in the CMS, allowing malicious actors to inject and execute arbitrary JavaScript code, potentially compromising user data, escalating privileges, or executing unauthorized actions. The issue exists in multiple areas, including content editing, link management, and file uploads.
CVE-2025-22389	2025-01-04	n/a	An issue was discovered in Optimizely EPiServer.CMS.Core before 12.32.0. A medium-severity vulnerability exists in the CMS, where the application does not properly validate uploaded files. This allows the upload of potentially malicious file types, including .docm .html. When accessed by application users, these files can be used to execute malicious actions or compromise users' systems.
CVE-2025-22390	2025-01-04	n/a	An issue was discovered in Optimizely EPiServer.CMS.Core before 12.32.0. A medium-severity vulnerability exists in the CMS due to insufficient enforcement of password complexity requirements. The application permits users to set passwords with a minimum length of 6 characters, lacking adequate complexity to resist modern attack techniques such as password spraying or offline password cracking.
CVE-2025-22395	2025-01-07	Dell Update Package (DUP) Framework	Dell Update Package Framework, versions prior to 22.01.02, contain(s) a Local Privilege Escalation Vulnerability. A local low privileged attacker could potentially exploit this vulnerability, leading to the execution of arbitrary remote scripts on the server. Exploitation may lead to a denial of service by an attacker.
CVE-2025-22500	2025-01-07	Alpha Price Table For Elementor	Improper Neutralization of Input During Web Page Generation ('Cross-site Scripting') vulnerability in Ali Ali Alpha Price Table For Elementor allows DOM-Based XSS.This issue affects Alpha Price Table For Elementor: from n/a through 1.0.8.
CVE-2025-22502	2025-01-07	MindValley Super PageMash	Improper Neutralization of Special Elements used in an SQL Command ('SQL Injection') vulnerability in Mindvalley MindValley Super PageMash allows SQL Injection.This issue affects MindValley Super PageMash: from n/a through 1.1.
CVE-2025-22503	2025-01-07	Admin debug wordpress – enable debug	Cross-Site Request Forgery (CSRF) vulnerability in Digital Zoom Studio Admin debug wordpress – enable debug allows Cross Site Request Forgery.This issue affects Admin debug wordpress – enable debug: from n/a through 1.0.13.
CVE-2025-22507	2025-01-07	WPMU Prefill Post	Improper Neutralization of Special Elements used in an SQL Command ('SQL Injection') vulnerability in Benjamin Santalucia (ben@woow-fr.com) WPMU Prefill Post allows SQL Injection.This issue affects WPMU Prefill Post: from n/a through 1.02.
CVE-2025-22511	2025-01-07	Slides & Presentations	Improper Neutralization of Input During Web Page Generation ('Cross-site Scripting') vulnerability in Ella van Durpe Slides & Presentations allows Stored XSS.This issue affects Slides & Presentations: from n/a through 0.0.39.
CVE-2025-22512	2025-01-07	Help Scout	Missing Authorization vulnerability in Sprout Apps Help Scout allows Exploiting Incorrectly Configured Access Control Security Levels.This issue affects Help Scout: from n/a through 6.5.1.
CVE-2025-22515	2025-01-07	Show Google Analytics widget	Improper Neutralization of Input During Web Page Generation ('Cross-site Scripting') vulnerability in Simon Chuang Show Google Analytics widget allows Stored XSS.This issue affects Show Google Analytics widget: from n/a through 1.5.4.
CVE-2025-22516	2025-01-07	Metadata SEO	Improper Neutralization of Input During Web Page Generation ('Cross-site Scripting') vulnerability in Hitesh Patel Metadata SEO allows Stored XSS.This issue affects Metadata SEO: from n/a through 2.3.
CVE-2025-22517	2025-01-07	List Pages at Depth	Improper Neutralization of Input During Web Page Generation ('Cross-site Scripting') vulnerability in Ben Huson List Pages at Depth allows Stored XSS.This issue affects List Pages at Depth: from n/a through 1.5.
CVE-2025-22518	2025-01-07	Justified Image Gallery	Improper Neutralization of Input During Web Page Generation ('Cross-site Scripting') vulnerability in KentoThemes Justified Image Gallery allows Stored XSS.This issue affects Justified Image Gallery: from n/a through 1.0.
CVE-2025-22519	2025-01-07	eDoc Easy Tables	Improper Neutralization of Special Elements used in an SQL Command ('SQL Injection') vulnerability in eDoc Intelligence LLC eDoc Easy Tables allows SQL Injection.This issue affects eDoc Easy Tables: from n/a through 1.29.
CVE-2025-22520	2025-01-07	Tock Widget	Cross-Site Request Forgery (CSRF) vulnerability in Tock Tock Widget allows Cross Site Request Forgery.This issue affects Tock Widget: from n/a through 1.1.
CVE-2025-22522	2025-01-07	SingSong	Improper Neutralization of Input During Web Page Generation ('Cross-site Scripting') vulnerability in Roya Khosravi SingSong allows Stored XSS.This issue affects SingSong: from n/a through 1.2.
CVE-2025-22524	2025-01-07	فرم ساز فرم افزار	Improper Neutralization of Input During Web Page Generation ('Cross-site Scripting') vulnerability in instaform.ir فرم ساز فرم افزار allows Stored XSS.This issue affects فرم ساز فرم افزار: from n/a through 2.0.
CVE-2025-22525	2025-01-07	Donation Block For PayPal	Improper Neutralization of Input During Web Page Generation ('Cross-site Scripting') vulnerability in bharatkambariya Donation Block For PayPal allows Stored XSS.This issue affects Donation Block For PayPal: from n/a through 2.2.0.
CVE-2025-22528	2025-01-07	Huurkalender WP	Improper Neutralization of Input During Web Page Generation ('Cross-site Scripting') vulnerability in Huurkalender Huurkalender WP allows Stored XSS.This issue affects Huurkalender WP: from n/a through 1.5.6.
CVE-2025-22529	2025-01-07	WE Blocks	Improper Neutralization of Input During Web Page Generation ('Cross-site Scripting') vulnerability in WORDPRESTEEM WE Blocks allows Stored XSS.This issue affects WE Blocks: from n/a through 1.3.5.
CVE-2025-22530	2025-01-07	아임포트 결제버튼 생성 플러그인	Improper Neutralization of Input During Web Page Generation ('Cross-site Scripting') vulnerability in SIOT 아임포트 결제버튼 생성 플러그인 allows Stored XSS.This issue affects 아임포트 결제버튼 생성 플러그인: from n/a through 1.1.19.
CVE-2025-22531	2025-01-07	Urdu Formatter – Shamil	Improper Neutralization of Input During Web Page Generation ('Cross-site Scripting') vulnerability in M Bilal M Urdu Formatter – Shamil allows Stored XSS.This issue affects Urdu Formatter – Shamil: from n/a through 0.1.
CVE-2025-22532	2025-01-07	Simple Photo Sphere	Improper Neutralization of Input During Web Page Generation ('Cross-site Scripting') vulnerability in Nagy Sandor Simple Photo Sphere allows Stored XSS.This issue affects Simple Photo Sphere: from n/a through 0.0.10.
CVE-2025-22533	2025-01-07	WOOEXIM	Improper Neutralization of Special Elements used in an SQL Command ('SQL Injection') vulnerability in WOOEXIM.COM WOOEXIM allows SQL Injection.This issue affects WOOEXIM: from n/a through 5.0.0.
CVE-2025-22534	2025-01-07	Slides & Presentations	Missing Authorization vulnerability in Ella van Durpe Slides & Presentations allows Exploiting Incorrectly Configured Access Control Security Levels.This issue affects Slides & Presentations: from n/a through 0.0.39.
CVE-2025-22536	2025-01-07	WP Music Player	Improper Neutralization of Special Elements used in an SQL Command ('SQL Injection') vulnerability in Hiren Patel WP Music Player allows SQL Injection.This issue affects WP Music Player: from n/a through 1.3.
CVE-2025-22538	2025-01-07	Virtual Bot	Cross-Site Request Forgery (CSRF) vulnerability in Ofek Nakar Virtual Bot allows Stored XSS.This issue affects Virtual Bot: from n/a through 1.0.0.
CVE-2025-22541	2025-01-07	WP Delete Post Copies	Missing Authorization vulnerability in Etruel Developments LLC WP Delete Post Copies allows Exploiting Incorrectly Configured Access Control Security Levels.This issue affects WP Delete Post Copies: from n/a through 5.5.
CVE-2025-22543	2025-01-07	ST Gallery WP	Missing Authorization vulnerability in Beautiful Templates ST Gallery WP allows Exploiting Incorrectly Configured Access Control Security Levels.This issue affects ST Gallery WP: from n/a through 1.0.8.
CVE-2025-22544	2025-01-07	Mind Doodle Visual Sitemaps & Tasks	Improper Neutralization of Input During Web Page Generation ('Cross-site Scripting') vulnerability in Mind Doodle Mind Doodle Visual Sitemaps & Tasks allows Stored XSS.This issue affects Mind Doodle Visual Sitemaps & Tasks: from n/a through 1.6.
CVE-2025-22545	2025-01-07	iframe to embed	Improper Neutralization of Input During Web Page Generation ('Cross-site Scripting') vulnerability in sw-galati.ro iframe to embed allows Stored XSS.This issue affects iframe to embed: from n/a through 1.2.
CVE-2025-22546	2025-01-07	jQuery TwentyTwenty	Improper Neutralization of Input During Web Page Generation ('Cross-site Scripting') vulnerability in One Plus Solution jQuery TwentyTwenty allows Stored XSS.This issue affects jQuery TwentyTwenty: from n/a through 1.0.
CVE-2025-22547	2025-01-07	JK Html To Pdf	Improper Neutralization of Input During Web Page Generation ('Cross-site Scripting') vulnerability in Jay Krishnan G JK Html To Pdf allows Stored XSS.This issue affects JK Html To Pdf: from n/a through 1.0.0.
CVE-2025-22548	2025-01-07	ldap_login_password_and_role_manager	Improper Neutralization of Input During Web Page Generation ('Cross-site Scripting') vulnerability in Frank Koenen ldap_login_password_and_role_manager allows Stored XSS.This issue affects ldap_login_password_and_role_manager: from n/a through 1.0.12.
CVE-2025-22549	2025-01-07	WP Github	Improper Neutralization of Input During Web Page Generation ('Cross-site Scripting') vulnerability in Pablo Cornehl WP Github allows Stored XSS.This issue affects WP Github: from n/a through 1.3.3.
CVE-2025-22550	2025-01-07	AddFunc Mobile Detect	Improper Neutralization of Input During Web Page Generation ('Cross-site Scripting') vulnerability in AddFunc AddFunc Mobile Detect allows Stored XSS.This issue affects AddFunc Mobile Detect: from n/a through 3.1.
CVE-2025-22551	2025-01-07	Boot-Modal	Improper Neutralization of Input During Web Page Generation ('Cross-site Scripting') vulnerability in Julien Crego Boot-Modal allows Stored XSS.This issue affects Boot-Modal: from n/a through 1.9.1.
CVE-2025-22552	2025-01-07	Affiliate Disclosure Statement	Cross-Site Request Forgery (CSRF) vulnerability in Jason Keeley, Bryan Nielsen Affiliate Disclosure Statement allows Cross Site Request Forgery.This issue affects Affiliate Disclosure Statement: from n/a through 0.3.
CVE-2025-22554	2025-01-07	Video Embed Optimizer	Improper Neutralization of Input During Web Page Generation ('Cross-site Scripting') vulnerability in Eric Franklin Video Embed Optimizer allows Stored XSS.This issue affects Video Embed Optimizer: from n/a through 1.0.0.
CVE-2025-22555	2025-01-07	Smoothness Slider Shortcode	Cross-Site Request Forgery (CSRF) vulnerability in Noel Jarencio. Smoothness Slider Shortcode allows Cross Site Request Forgery.This issue affects Smoothness Slider Shortcode: from n/a through v1.2.2.
CVE-2025-22556	2025-01-07	Norse Rune Oracle Plugin	Cross-Site Request Forgery (CSRF) vulnerability in Greg Whitehead Norse Rune Oracle Plugin allows Cross Site Request Forgery.This issue affects Norse Rune Oracle Plugin: from n/a through 1.4.1.
CVE-2025-22557	2025-01-07	News Publisher Autopilot	Cross-Site Request Forgery (CSRF) vulnerability in WPMagic News Publisher Autopilot allows Cross Site Request Forgery.This issue affects News Publisher Autopilot: from n/a through 2.1.4.
CVE-2025-22558	2025-01-07	mcjh button shortcode	Improper Neutralization of Input During Web Page Generation ('Cross-site Scripting') vulnerability in Marcus C. J. Hartmann mcjh button shortcode allows Stored XSS.This issue affects mcjh button shortcode: from n/a through 1.6.4.
CVE-2025-22559	2025-01-07	TubePress.NET	Cross-Site Request Forgery (CSRF) vulnerability in Mario Mansour and Geoff Peters TubePress.NET allows Cross Site Request Forgery.This issue affects TubePress.NET: from n/a through 4.0.1.
CVE-2025-22560	2025-01-07	Saoshyant Page Builder	Missing Authorization vulnerability in Saoshyant.1994 Saoshyant Page Builder allows Exploiting Incorrectly Configured Access Control Security Levels.This issue affects Saoshyant Page Builder: from n/a through 3.8.
CVE-2025-22562	2025-01-07	Title Experiments Free	Cross-Site Request Forgery (CSRF) vulnerability in Jason Funk Title Experiments Free allows Cross Site Request Forgery.This issue affects Title Experiments Free: from n/a through 9.0.4.
CVE-2025-22563	2025-01-07	Pretty Url	Cross-Site Request Forgery (CSRF) vulnerability in Faaiq Pretty Url allows Cross Site Request Forgery.This issue affects Pretty Url: from n/a through 1.5.4.
CVE-2025-22571	2025-01-07	Instabot	Cross-Site Request Forgery (CSRF) vulnerability in Instabot Instabot allows Cross Site Request Forgery.This issue affects Instabot: from n/a through 1.10.
CVE-2025-22572	2025-01-07	Legacy ePlayer	Improper Neutralization of Input During Web Page Generation ('Cross-site Scripting') vulnerability in brianmiyaji Legacy ePlayer allows Stored XSS.This issue affects Legacy ePlayer: from n/a through 0.9.9.
CVE-2025-22573	2025-01-07	Icons Enricher	Improper Neutralization of Input During Web Page Generation ('Cross-site Scripting') vulnerability in copist Icons Enricher allows Stored XSS.This issue affects Icons Enricher: from n/a through 1.0.8.
CVE-2025-22574	2025-01-07	ICS Button	Improper Neutralization of Input During Web Page Generation ('Cross-site Scripting') vulnerability in Joe Motacek ICS Button allows Stored XSS.This issue affects ICS Button: from n/a through 0.6.
CVE-2025-22577	2025-01-07	Able Player	Improper Neutralization of Input During Web Page Generation ('Cross-site Scripting') vulnerability in Damion Armentrout Able Player allows DOM-Based XSS.This issue affects Able Player: from n/a through 1.0.
CVE-2025-22578	2025-01-07	WP Cookie	Improper Neutralization of Input During Web Page Generation ('Cross-site Scripting') vulnerability in AazzTech WP Cookie allows Stored XSS.This issue affects WP Cookie: from n/a through 1.0.0.
CVE-2025-22579	2025-01-07	WP Header Notification	Improper Neutralization of Input During Web Page Generation ('Cross-site Scripting') vulnerability in Arefly WP Header Notification allows Stored XSS.This issue affects WP Header Notification: from n/a through 1.2.7.
CVE-2025-22580	2025-01-07	Biltorvet Dealer Tools	Improper Neutralization of Input During Web Page Generation ('Cross-site Scripting') vulnerability in Biltorvet A/S Biltorvet Dealer Tools allows Stored XSS.This issue affects Biltorvet Dealer Tools: from n/a through 1.0.22.
CVE-2025-22581	2025-01-07	Arcade Ready	Improper Neutralization of Input During Web Page Generation ('Cross-site Scripting') vulnerability in Bytephp Arcade Ready allows Stored XSS.This issue affects Arcade Ready: from n/a through 1.1.
CVE-2025-22582	2025-01-07	Uptime Robot	Cross-Site Request Forgery (CSRF) vulnerability in Scott Nellé Uptime Robot allows Stored XSS.This issue affects Uptime Robot: from n/a through 0.1.3.
CVE-2025-22584	2025-01-07	Timeline Pro	Improper Neutralization of Input During Web Page Generation ('Cross-site Scripting') vulnerability in pluginspoint Timeline Pro allows DOM-Based XSS.This issue affects Timeline Pro: from n/a through 1.3.
CVE-2025-22585	2025-01-07	Ultimate Image Hover Effects	Improper Neutralization of Input During Web Page Generation ('Cross-site Scripting') vulnerability in themebon Ultimate Image Hover Effects allows DOM-Based XSS.This issue affects Ultimate Image Hover Effects: from n/a through 1.1.2.
CVE-2025-22589	2025-01-07	Quote Tweet	Cross-Site Request Forgery (CSRF) vulnerability in bozdoz Quote Tweet allows Stored XSS.This issue affects Quote Tweet: from n/a through 0.7.
CVE-2025-22590	2025-01-07	Prayer Times Anywhere	Cross-Site Request Forgery (CSRF) vulnerability in mmrs151 Prayer Times Anywhere allows Stored XSS.This issue affects Prayer Times Anywhere: from n/a through 2.0.1.
CVE-2025-22591	2025-01-07	1003 Mortgage Application	Missing Authorization vulnerability in Lenderd 1003 Mortgage Application allows Exploiting Incorrectly Configured Access Control Security Levels.This issue affects 1003 Mortgage Application: from n/a through 1.87.
CVE-2025-22592	2025-01-07	1003 Mortgage Application	Missing Authorization vulnerability in Lenderd 1003 Mortgage Application allows Accessing Functionality Not Properly Constrained by ACLs.This issue affects 1003 Mortgage Application: from n/a through 1.87.
CVE-2025-22593	2025-01-07	Laika Pedigree Tree	Improper Neutralization of Input During Web Page Generation ('Cross-site Scripting') vulnerability in Burria Laika Pedigree Tree allows Stored XSS.This issue affects Laika Pedigree Tree: from n/a through 1.4.
CVE-2025-22621	2025-01-07	Splunk App for SOAR	In versions 1.0.67 and lower of the Splunk App for SOAR, the Splunk documentation for that app recommended adding the `admin_all_objects` capability to the `splunk_app_soar` role. This addition could lead to improper access control for a low-privileged user that does not hold the “admin“  Splunk roles.
